prot_desc,position,site_residue,probability,prediction
sp|P09030|EX3_ECOLI,7,N,0.6340318,1
sp|P09030|EX3_ECOLI,9,N,0.65389735,1
sp|P09030|EX3_ECOLI,40,N,0.44156945,0
sp|P09030|EX3_ECOLI,89,N,0.42206103,0
sp|P09030|EX3_ECOLI,94,N,0.42233858,0
sp|P09030|EX3_ECOLI,118,N,0.54239404,1
sp|P09030|EX3_ECOLI,121,N,0.5874288,1
sp|P09030|EX3_ECOLI,7,N,0.615165,1
sp|P09030|EX3_ECOLI,9,N,0.60949844,1
sp|P09030|EX3_ECOLI,64,N,0.5133888,1
sp|P09030|EX3_ECOLI,67,N,0.54632354,1
sp|P09030|EX3_ECOLI,7,N,0.6345875,1
sp|P09030|EX3_ECOLI,9,N,0.6225582,1
sp|P09030|EX3_ECOLI,53,N,0.42143324,0
sp|P09030|EX3_ECOLI,89,N,0.44897774,0
sp|P09030|EX3_ECOLI,94,N,0.4657945,0
sp|P09030|EX3_ECOLI,118,N,0.54604316,1
sp|P09030|EX3_ECOLI,121,N,0.5824038,1
